,city_name,n_edges,n_vertices,is_chinese_city_or_not,n_g1,n_g2,n_g3,n_g4,n_g5,n_g6,n_g7,n_g8,n_g9,n_g10,n_g11,n_g12,n_g13,n_g14,n_g15,n_g16,n_g17,n_g18,n_g19,n_g20,n_g21,n_g22,n_g23,n_g24,n_g25,n_g26,n_g27,n_g28,n_g29
0,0.0,3454.0,2744.0,0.0,0.13277895783432006,0.0038866543137343517,0.04320513399918651,0.21329145387987528,0.011682559768608488,0.0041804130700049714,0.00045193654810864555,0.0,0.002937587562706196,0.19724770642201836,0.33517874090477695,0.0010394540606498848,0.011140235910878113,0.019727030324942378,0.01807746192434582,0.002598635151624712,0.0003389524110814842,0.0009716635784335879,6.779048221629683e-05,0.0,0.0011524381976770462,0.0,0.0,4.5193654810864554e-05,0.0,0.0,0.0,0.0,0.0
1,1.0,2187.0,1662.0,0.0,0.11968713999878737,0.003061905050627539,0.042351300551749224,0.20508700660886436,0.010246771357545625,0.004365488389013521,0.00030315891590371673,0.0,0.004001697689929061,0.20478384769296065,0.349754441278118,0.0018189534954223003,0.011004668647304917,0.017674164797186684,0.021645546595525374,0.0021524283029163887,0.0003334748074940884,0.0006669496149881768,0.00018189534954223005,0.0,0.0008791608561207785,0.0,0.0,0.0,0.0,0.0,0.0,0.0,0.0
2,2.0,6000.0,4240.0,0.0,0.1108031108031108,0.0030992530992530994,0.041483791483791485,0.19826557326557326,0.011338261338261338,0.005476630476630477,0.00022137522137522138,9.625009625009625e-06,0.004822129822129822,0.20492607992607992,0.3514379764379764,0.002849002849002849,0.012859012859012859,0.020953645953645954,0.026305151305151306,0.0025602525602525603,0.0004138754138754139,0.0005293755293755294,0.00013475013475013474,0.0,0.001463001463001463,1.925001925001925e-05,0.0,1.925001925001925e-05,9.625009625009625e-06,0.0,0.0,0.0,0.0
3,3.0,3510.0,2590.0,0.0,0.1219956935849935,0.003918449690597661,0.04017380846152354,0.20789121452542142,0.013190820740625789,0.004131830614343078,9.699132897518961e-05,0.0,0.0032007138561812574,0.19404085274776434,0.3500805028030494,0.0018622335163236408,0.014257725359352874,0.023898663459486724,0.01730325308917383,0.00252177455335493,7.759306318015169e-05,0.000252177455335493,0.0001745843921553413,0.0,0.0009311167581618204,0.0,0.0,0.0,0.0,0.0,0.0,0.0,0.0
4,4.0,3257.0,2474.0,0.0,0.11912137426077161,0.0025344973246972683,0.04298587922919097,0.20583738987005673,0.008729935229512813,0.004143701975298709,0.00020115058132518003,0.0,0.0037615158707808667,0.21036327794987328,0.35175202156334234,0.0017701251156615843,0.009614997787343605,0.015830550750291668,0.019571951562940018,0.0020718509876493543,0.00018103552319266204,0.00048276139518043206,8.0460232530072e-05,0.0,0.0009655227903608641,0.0,0.0,0.0,0.0,0.0,0.0,0.0,0.0
5,5.0,8213.0,6695.0,0.0,0.12560440602294373,0.0021547451798350327,0.0461546417520664,0.20894133059824346,0.007645035898054696,0.0037837325357903176,6.895184575472104e-05,0.0,0.0039733501116158,0.21830154365944685,0.3382260413883454,0.001379036915094421,0.00856726683502409,0.013066374770519638,0.01898761452470631,0.00196512760400955,5.171388431604078e-05,0.00015514165294812235,6.0332865035380916e-05,8.61898071934013e-06,0.0009049929755307137,0.0,0.0,0.0,0.0,0.0,0.0,0.0,0.0
6,6.0,8736.0,6572.0,0.0,0.11758321538833848,0.0035713499996333315,0.0422401971209199,0.20218094351106972,0.013376062421624634,0.0047300220734363425,0.00030800143734004094,0.0,0.0041946862418691284,0.20248894494840977,0.3390802490411622,0.0026473456876132087,0.015686073201674942,0.02340810923784311,0.022608772174270146,0.002596012114723202,0.0003520016426743325,0.0007480034906829565,0.0003886684804529088,0.0,0.001752674845815947,0.0,0.0,5.866694044572208e-05,0.0,0.0,0.0,0.0,0.0
7,7.0,13764.0,10142.0,0.0,0.1085868764224266,0.0020478871748521085,0.04349826357081496,0.196971732642833,0.007605274836230096,0.005166538419259096,0.00016285385088287143,4.071346272071786e-06,0.0052764647686050345,0.21824044556813602,0.3548341129961444,0.0018809619776971652,0.009038388723999365,0.014082786755096308,0.02824700043563405,0.0026911598858394507,0.00021171000614773287,0.0004152773197513222,0.0001221403881621536,0.0,0.0008631254096792187,2.8499423904502503e-05,0.0,2.0356731360358928e-05,4.071346272071786e-06,0.0,0.0,0.0,0.0
8,8.0,1558.0,1311.0,0.0,0.13837924578764377,0.002674511901577962,0.046589997325488096,0.2165284835517518,0.008718908799144156,0.0030489435677988766,0.00010698047606311849,0.0,0.003102433805830436,0.20909334046536507,0.33115806365338324,0.0012837657127574217,0.008825889275207275,0.01476330569671035,0.012944637603637336,0.001337255950788981,5.3490238031559244e-05,0.00032094142818935543,5.3490238031559244e-05,0.0,0.0010163145225996256,0.0,0.0,0.0,0.0,0.0,0.0,0.0,0.0
9,9.0,7477.0,5373.0,0.0,0.10940446912201819,0.002225508094814189,0.042865549134692274,0.19871146853357877,0.007823226760414623,0.005114896570454305,0.0001886023809164567,0.0,0.0049715587609577986,0.21723976643481147,0.3569865865986692,0.0015918040949348944,0.008766238664996907,0.013783061997374654,0.02569518837605806,0.0029120207613500915,0.00018105828567979842,0.00041492523801620474,9.807323807655747e-05,0.0,0.0010109087617122079,0.0,0.0,7.544095236658268e-06,0.0,0.0,7.544095236658268e-06,0.0,0.0
10,10.0,2065.0,1652.0,0.0,0.12648778082963588,0.002852313543207268,0.044122825551095146,0.21043735474329178,0.00947249806324389,0.003063596027889288,0.00010564124234100993,0.0,0.003873512219170364,0.21311359954926404,0.34030565532783996,0.0011620536657511093,0.010493696739206986,0.016973026269455595,0.01426156771603634,0.002394534826396225,3.521374744700331e-05,0.00021128248468201986,0.00021128248468201986,0.0,0.0004225649693640397,0.0,0.0,0.0,0.0,0.0,0.0,0.0,0.0
11,11.0,7996.0,5479.0,0.0,0.09683145112185931,0.0016198890203692428,0.04318555196856726,0.18967636685316452,0.007008030513654171,0.004773502751513619,0.00012637432073802604,0.0,0.006468067506864423,0.23144307985708212,0.3609135714531898,0.0023551577955723034,0.00946084119343313,0.013568006617418978,0.0270153832014062,0.0036763438760153027,0.00022977149225095642,0.0003963558241328998,0.00014935146996312168,0.0,0.001079926013579495,0.0,0.0,2.2977149225095643e-05,0.0,0.0,0.0,0.0,0.0
12,12.0,7502.0,5436.0,0.0,0.11715612876880147,0.003624174777104744,0.04002756414619207,0.20455318859320765,0.012352821071258423,0.004806710678554414,0.00020417886068195738,0.0,0.0037007418498604776,0.19693901858027632,0.35178316204995574,0.0015143265500578507,0.013594909140406997,0.02198325733342408,0.02306370380453277,0.002756414619206425,0.0002126863132103723,0.00045089498400598924,0.0002807459334376914,0.0,0.0009443272306540529,0.0,0.0,5.1044715170489345e-05,0.0,0.0,0.0,0.0,0.0
13,13.0,6312.0,5110.0,0.0,0.12406221811541593,0.002695091633115526,0.04670758805799397,0.2063890172265857,0.009647328009152311,0.0031681077156623326,0.00028600972433062726,0.0,0.005115173915913141,0.22153653224209624,0.3321562933139727,0.0020020680703143907,0.011242382240996194,0.01665456625525268,0.014454491452709392,0.001760059842034629,0.0003410115943942094,0.0006050205706994038,0.0001320044881525972,0.0,0.0010010340351571953,0.0,0.0,2.2000748025432864e-05,1.1000374012716432e-05,0.0,1.1000374012716432e-05,0.0,0.0
14,14.0,55932.0,40954.0,0.0,0.11290961474947618,0.002731384478472294,0.042649740295461036,0.19965231132260816,0.010018616318004518,0.005413918379180309,0.00018690655840245866,0.0,0.004598326124333216,0.20789425336670747,0.3505666136036115,0.0019837582448624593,0.011502187125324033,0.017658421892705015,0.027456148641688445,0.0025412920128243385,0.0002325712289212412,0.0004630185196788181,0.0001879685274842908,4.247876327328606e-06,0.0013285233213720215,0.0,0.0,1.6991505309314425e-05,1.0619690818321516e-06,0.0,2.123938163664303e-06,0.0,0.0
15,15.0,15093.0,10821.0,0.0,0.10554855691071215,0.0022626345088710754,0.043482697707806967,0.19445636950968043,0.008871075578326565,0.0051164394648499905,0.00020409455912056358,0.0,0.005619638119233449,0.21904976388370834,0.35313637035420964,0.0023189364562146795,0.010933134399786052,0.01632404585793611,0.02768648260621714,0.0026180405514775744,0.0002779908650090435,0.000555981730018087,0.00018298132886671218,0.0,0.0013160580191567376,0.0,0.0,3.518871708975234e-05,3.518871708975234e-06,0.0,0.0,0.0,0.0
16,16.0,3313.0,2465.0,0.0,0.12099028618546749,0.0031776039257486476,0.04104740261046196,0.20909840516461195,0.010317157050057318,0.003941837781308449,0.00036200551052832696,0.0,0.003056935422239205,0.20220018904732218,0.3530559298513766,0.001427910624861734,0.010699273977837218,0.018261166864428937,0.017014258994831367,0.003056935422239205,0.00036200551052832696,0.0007642338555598013,0.00012066850350944231,0.0,0.001005570862578686,0.0,0.0,2.0111417251573717e-05,0.0,0.0,2.0111417251573717e-05,0.0,0.0
17,17.0,5824.0,4227.0,0.0,0.1175101423739137,0.0029692955264789375,0.04148312504758486,0.20546872450810846,0.009952034456879956,0.0049814554986349945,0.00029366659053088395,1.0876540390032739e-05,0.0036327644902709347,0.20236891049694913,0.3538791181301052,0.0016967403008451073,0.01024570104741084,0.017467723866392577,0.022829858278678717,0.00274088817828825,0.0003589258328710804,0.0006417158830119315,0.00011964194429036013,0.0,0.001283431766023863,4.3506161560130955e-05,0.0,1.0876540390032739e-05,1.0876540390032739e-05,0.0,0.0,0.0,0.0
18,18.0,11575.0,8038.0,0.0,0.10825067259610063,0.0027962671518021727,0.04059640864965805,0.19876117183326356,0.010246562420287134,0.005039056295932659,0.0001973269418655578,0.0,0.004355631277764141,0.20695745919904512,0.35904359000274333,0.002112842133633655,0.011969563522430298,0.019126274804237235,0.025527368284266303,0.0030802254339989507,0.00025026831651241474,0.0004283438494154791,0.00010106989705309057,0.0,0.001135833128787113,0.0,0.0,1.9251408962493443e-05,0.0,0.0,4.812852240623361e-06,0.0,0.0
19,19.0,10339.0,7507.0,0.0,0.11059514783927217,0.0024584132364090443,0.04260134683137849,0.1992875618784284,0.009069928198724524,0.004939125005574634,0.0001839628952414931,1.114926637827231e-05,0.004861080140926727,0.21365339160683228,0.3536937519511216,0.002151808411006556,0.010530482094278197,0.016316951344601524,0.024957632787762564,0.002703697096731035,0.00021741069437631003,0.0004236721223743478,0.00011149266378272309,0.0,0.0011483744369620479,5.5746331891361546e-05,0.0,2.229853275654462e-05,0.0,0.0,5.574633189136155e-06,0.0,0.0
20,20.0,1886.0,1525.0,0.0,0.13268071679948223,0.0019416690263338863,0.04530561061445734,0.2166983536264714,0.005825007079001659,0.003802435176570527,8.090287609724525e-05,0.0,0.002629343473160471,0.21241050119331742,0.3448080579264593,0.000647223008777962,0.00538004126046681,0.009506087941426317,0.015047934954087619,0.002386634844868735,0.0,8.090287609724525e-05,4.0451438048622626e-05,0.0,0.0006876744468265847,0.0,0.0,4.0451438048622626e-05,0.0,0.0,0.0,0.0,0.0
21,21.0,15675.0,10852.0,0.0,0.10410286800173477,0.0024631112670787303,0.04177357253763363,0.19367867654118262,0.009825960000926977,0.005528757817233171,0.0002350549730679971,0.0,0.00537977931317599,0.211721628699219,0.35730342286389655,0.002910046779250274,0.012249343666923793,0.018281317764527887,0.029001148789797954,0.002823970310239458,0.00041713981136010754,0.0006422628841576259,0.00018870610513909626,0.0,0.0014268830055254472,0.0,0.0,4.303823450540792e-05,3.3106334234929168e-06,0.0,0.0,0.0,0.0
22,22.0,6750.0,4932.0,0.0,0.11402332335621852,0.002575694327255287,0.04246342958140526,0.20222753150784697,0.009174800827774866,0.004982636267552468,0.00018651579611158974,8.881704576742368e-06,0.0045474327432920925,0.2092973683509339,0.352639198514979,0.001953975006883321,0.01042712117309554,0.01653773392189429,0.024291462017390377,0.0027355650096366492,0.00020427920526507447,0.00040855841053014894,9.769875034416606e-05,2.6645113730227106e-05,0.0011635032995532502,8.881704576742368e-06,0.0,8.881704576742368e-06,0.0,8.881704576742368e-06,0.0,0.0,0.0
23,23.0,2375.0,1802.0,0.0,0.12677696078431372,0.0036151960784313727,0.041268382352941176,0.21099877450980392,0.011611519607843138,0.004136029411764706,0.00027573529411764705,0.0,0.0027573529411764708,0.19433210784313726,0.34846813725490194,0.0016237745098039217,0.012316176470588235,0.02077205882352941,0.01712622549019608,0.0021752450980392158,0.0002144607843137255,0.0005514705882352941,0.00012254901960784314,0.0,0.0007965686274509804,0.0,0.0,3.0637254901960784e-05,3.0637254901960784e-05,0.0,0.0,0.0,0.0
24,24.0,2717.0,1947.0,0.0,0.11057026562041039,0.00222399395745038,0.042255885191557215,0.2001174940203936,0.008539297553606646,0.005203306617431077,0.0001678486005622928,0.0,0.004406025764760187,0.21018841005413116,0.3567202383450128,0.0020141832067475138,0.010259745709370148,0.015546976627082371,0.02675087071461542,0.0029163694347698376,0.0003356972011245856,0.0005455079518274517,0.0001468675254920062,0.0,0.0010700348285846166,0.0,0.0,2.09810750702866e-05,0.0,0.0,0.0,0.0,0.0
25,25.0,27089.0,18907.0,0.0,0.09968412611142434,0.0014673077529179814,0.044786154778205405,0.1910826910214073,0.005932265712274607,0.005452501602131974,0.00012256747339410345,1.7509639056300492e-06,0.006664168624827968,0.22963891622338098,0.3585378751002427,0.0017089407718949281,0.007581673711378113,0.011115118872939552,0.031417545358719975,0.0033548468431871745,0.00018034928227989507,0.00033793603378659955,8.754819528150247e-05,1.7509639056300492e-06,0.0008212020717404931,5.252891716890148e-06,0.0,1.2256747339410345e-05,3.5019278112600985e-06,0.0,1.7509639056300492e-06,0.0,0.0
26,26.0,7940.0,5705.0,0.0,0.11171482853193172,0.002905236078153068,0.04188566824126027,0.199396775409727,0.010593392620848211,0.00541867187095725,0.00018481145535324863,0.0,0.0045981090091888254,0.20473413024032883,0.352258026361506,0.0020846732163846446,0.012153201304029628,0.019301708397093286,0.02806177138083727,0.002432118752448752,0.00025873603749454807,0.00047311732570431644,0.00017002653892498872,0.0,0.00134542739497165,0.0,0.0,2.9569832856519777e-05,0.0,0.0,0.0,0.0,0.0
27,27.0,5448.0,3965.0,0.0,0.1110859557769225,0.0032450381103312958,0.04158176741378009,0.19828153131300064,0.01203143698049743,0.004581864441497677,0.0004096725853574393,0.0,0.004474055866403614,0.20802742650150394,0.34773655896590017,0.003072544390180795,0.014802117360414847,0.02230559418696163,0.022963226495035415,0.0026305292322951366,0.00039889172784803305,0.0009379346033183479,0.00018327457765990706,0.0,0.0011427708959970675,0.0,0.0,9.702771758465668e-05,0.0,0.0,1.0780857509406298e-05,0.0,0.0
28,28.0,4766.0,3363.0,0.0,0.10959307808374198,0.00252263296869106,0.041918144096567335,0.1993587325537533,0.009182855526216522,0.005269238023387401,0.0002121840814786873,0.0,0.004514805733685402,0.20931959637872502,0.3570586571105243,0.002074688796680498,0.010503112033195022,0.016444266314598263,0.02690022632968691,0.0030766691814409657,0.00025933609958506224,0.0004597321765371558,0.00012966804979253112,0.0,0.0011434364390795926,0.0,0.0,3.5364013579781216e-05,2.3576009053187476e-05,0.0,0.0,0.0,0.0
29,29.0,15468.0,11204.0,0.0,0.11675804664640209,0.0037498934689355417,0.040619787587203283,0.20316792948252282,0.013696851144650923,0.005032324568701376,0.0003165494486763769,0.0,0.0034861022617052274,0.19525825159187848,0.34670281282593435,0.0027231369238698575,0.01549468968008214,0.02368033375675204,0.023741208650728266,0.002447170737844298,0.00044235756289391127,0.0007264404014496341,0.00018668300819376073,0.0,0.0017288469889248277,0.0,0.0,4.058326265081755e-05,0.0,0.0,0.0,0.0,0.0
30,30.0,17609.0,12647.0,0.0,0.10725376795807727,0.002440706743778851,0.042315987253393424,0.19585891341733278,0.009347719562170918,0.00536830639296627,0.00017478206860820414,0.0,0.0050749222063739274,0.21226970121629593,0.35517589006207884,0.002272166891906654,0.011304654508909204,0.016981950630307836,0.02938211417638632,0.0025717932952350037,0.00033395859537639004,0.00044319738825651764,0.0002403253443362807,0.0,0.0011423256626893342,0.0,0.0,4.681662552005468e-05,0.0,0.0,0.0,0.0,0.0
31,31.0,48475.0,34042.0,0.0,0.105081245631882,0.0025655367619720508,0.04225994022833604,0.19440946315625351,0.009952494502031822,0.005237925458781866,0.0002355103869893595,2.1806517313829585e-06,0.005334964460828408,0.21411819350449268,0.35458705543325736,0.0026309563139135395,0.01222909490959563,0.018392707028349563,0.027568889514009053,0.002817402036946782,0.0003718011202007944,0.0006105824847872284,0.00020061995928723217,5.451629328457396e-06,0.001333468533740679,6.5419551941488755e-06,1.0903258656914792e-06,3.925173116489325e-05,5.451629328457396e-06,0.0,2.1806517313829585e-06,0.0,0.0
32,32.0,3607.0,2787.0,0.0,0.12779353489027015,0.0029167420996520023,0.04344939955343673,0.21093074246173033,0.009755999436767042,0.0048478265242491905,0.00012069277653732425,0.0,0.0032587049665077543,0.20173797598213747,0.3431899100838815,0.0012672741536419046,0.009735883974010822,0.01595156196568302,0.0204976565485889,0.002393740067990264,8.046185102488282e-05,0.0003218474040995313,0.00012069277653732425,4.023092551244141e-05,0.001589121557741436,0.0,0.0,0.0,0.0,0.0,0.0,0.0,0.0
33,33.0,22293.0,14960.0,0.0,0.09801754290657295,0.0023903150451945058,0.04214183928892306,0.18760630006811563,0.01010451360014041,0.006291292483462112,0.00039072457469525575,0.0,0.005942356633333194,0.213924838799995,0.35631991775979005,0.0030443085846576876,0.013175984855766217,0.0188195521084501,0.03529684620495698,0.002473892494327181,0.0006769773379746677,0.001073970221354874,0.0003614724674988195,6.268308684950626e-06,0.0018595982432020191,0.0,0.0,6.89513955344569e-05,4.178872456633751e-06,0.0,8.357744913267502e-06,0.0,0.0
34,34.0,32723.0,23453.0,0.0,0.10552250602535038,0.002385746021317218,0.043260552087974996,0.1939951406890854,0.009440528734660157,0.005234980533483384,0.0002667091666639562,0.0,0.005607397601569031,0.2175647501553093,0.3514413678927699,0.002629687332290349,0.011834406133009814,0.01724665068580034,0.02813131198142143,0.0026931120731433626,0.00045373083841002306,0.0006716517428793531,0.00023418365853420544,1.626275406487538e-06,0.0012993940497835427,0.0,0.0,7.318239329193921e-05,9.757652438925228e-06,0.0,1.626275406487538e-06,0.0,0.0
35,35.0,32615.0,22876.0,0.0,0.10367861808176075,0.0022477021470847,0.04221036154360116,0.19389155745382575,0.00913612734978068,0.005177770652244306,0.00021797814216281705,0.0,0.0052614868952488665,0.2155029845630407,0.3576768584611059,0.0025525556357616835,0.011709217158354802,0.01709706819398791,0.02822027165131079,0.0027815906402081218,0.0003964674904555585,0.0006397184606952239,0.0002369327632204533,0.0,0.001296811990693281,0.0,0.0,6.47616219469239e-05,0.0,0.0,3.159103509606044e-06,0.0,0.0
36,36.0,5876.0,4300.0,0.0,0.11475341639453376,0.002714395656966949,0.04217193252490796,0.20310127503795994,0.009692784491544813,0.004627992595211848,0.0002183996505605591,0.0,0.004097593443850489,0.20877966595253447,0.3524554360713023,0.0017575971878444994,0.011034382344988249,0.01719117249412401,0.022235164423736922,0.0029431952908875346,0.0002703995673606922,0.0005511991180814111,0.00016639973376042597,1.0399983360026623e-05,0.0011959980864030618,0.0,0.0,2.0799966720053246e-05,1.0399983360026623e-05,0.0,0.0,0.0,0.0
37,37.0,19009.0,12986.0,0.0,0.10097619402563088,0.0019379944584667738,0.04261017524199228,0.19232410258519209,0.007721134420734998,0.0054130190046830584,0.00014393592794978693,0.0,0.005816553659827996,0.2208131351815392,0.3618600634346197,0.002066508679850512,0.009620574612786651,0.014334476253142173,0.029483732669857248,0.0029815299361027293,0.00020048218535863177,0.00039325351743423927,0.00016192791894351029,0.0,0.0011129331571831738,0.0,0.0,1.7991990993723366e-05,5.140568855349533e-06,0.0,5.140568855349533e-06,0.0,0.0
38,38.0,21607.0,14199.0,0.0,0.09003674207807226,0.001257063990898409,0.04318965999589682,0.18338586642296287,0.00565119271872727,0.005710875282093366,0.0001473413283100509,0.0,0.007348415614450641,0.23404144207993732,0.3671372885465431,0.0021448421209690955,0.007971352369584274,0.011311710837980491,0.03547382360072365,0.003299326706082026,0.00032452393830315014,0.00047559542682358206,0.00012869052725814574,0.0,0.000940000373016021,0.0,0.0,2.0515881157095697e-05,3.730160210381036e-06,0.0,0.0,0.0,0.0
39,39.0,3746.0,2787.0,0.0,0.11631580697728558,0.0028434600419036215,0.042385845887791415,0.20296651035950647,0.010592304366623433,0.004905384282816189,0.000282683162060594,0.0,0.003957564268848315,0.20429678406332102,0.3476504040706375,0.0021284379261032956,0.012720742292726728,0.01937211081179953,0.0241112108816389,0.002893345305796668,0.00039908211114436795,0.000631880009311916,0.00026605474076291195,0.0,0.0011806179121354218,0.0,0.0,6.651368519072799e-05,3.325684259536399e-05,0.0,0.0,0.0,0.0
40,40.0,7723.0,5334.0,0.0,0.10213708812808234,0.0024106406066237386,0.042715771827343554,0.19155820949831384,0.009649060110070759,0.005789436066042456,0.0001494467222435202,0.0,0.005984366573316613,0.2158660437554012,0.35444214137659924,0.0025340965945640378,0.011955737779481614,0.01774517384552407,0.03177367268568755,0.0030604089642042613,0.0002794003937596247,0.00038986101454831354,0.00015594440581932542,1.2995367151610452e-05,0.0013450205001916816,0.0,0.0,4.548378503063658e-05,0.0,0.0,0.0,0.0,0.0
41,41.0,6341.0,4542.0,0.0,0.10958572453371593,0.002654232424677188,0.041929698708751795,0.1992916068866571,0.009890602582496414,0.004537302725968436,0.0001524390243902439,0.0,0.004824246771879484,0.2127690100430416,0.35391857962697276,0.0023224533715925397,0.011818507890961262,0.018570659971305595,0.022883787661406026,0.0030577474892395985,0.00018830703012912483,0.00034074605451936874,0.0001793400286944046,0.0,0.001058106169296987,0.0,0.0,1.793400286944046e-05,8.96700143472023e-06,0.0,0.0,0.0,0.0
42,42.0,10455.0,7352.0,0.0,0.10507505729072791,0.0027499549398769213,0.04089399284187759,0.1957669232947962,0.010088317841233875,0.00423822643355563,0.0002883847877024487,0.0,0.005422663954476401,0.2150938537992121,0.3596261297216572,0.0025182171640445966,0.012040064886577233,0.019017946803306127,0.02219532919638489,0.002791152766691557,0.00037078044133171973,0.0006437160439786801,0.00022143831912866597,5.149728351829441e-06,0.0009012024615701521,0.0,0.0,3.604809846280609e-05,5.149728351829441e-06,0.0,1.0299456703658882e-05,0.0,0.0
43,43.0,2473.0,1853.0,0.0,0.11879413934858227,0.0031095182881838304,0.04142510804258459,0.20599241066722884,0.010883314008643407,0.004110888584378624,0.00034257404869821864,2.635184989986297e-05,0.0033993886370823232,0.20335722567724254,0.35071677031727627,0.0020290924422894487,0.011831980605038473,0.01926320227679983,0.01863075787920312,0.0028196479392853377,0.0006324443975967113,0.000922314746495204,0.00021081479919890376,0.0,0.0013966480446927375,7.905554969958892e-05,0.0,2.635184989986297e-05,0.0,0.0,0.0,0.0,0.0
44,44.0,28875.0,20539.0,0.0,0.1084000229195714,0.0022747674618484636,0.04250052524017801,0.19822182325190518,0.008501251026605802,0.005139713887350307,0.00018526653551578586,0.0,0.004832209637679776,0.21417575491338312,0.35699333422465,0.0020016425692839543,0.010105621024886834,0.015562388983326013,0.02636514697175163,0.0028592165326508396,0.00023874553545848694,0.0004335618923926123,0.00010695799988540215,1.9099642836678953e-06,0.001079129820272361,0.0,0.0,1.718967855301106e-05,1.9099642836678953e-06,0.0,1.9099642836678953e-06,0.0,0.0
45,45.0,15550.0,11118.0,0.0,0.09811324112078579,0.0013760706066573347,0.04677453794870578,0.18765569764407222,0.005818643384184678,0.005000118626776436,0.00017200882583216684,0.0,0.007716671807160312,0.23835381622339794,0.3532646088875181,0.0018090583406486513,0.007796744881254597,0.011453415264893591,0.02982573726541555,0.0030931931955681035,0.00028470426344634513,0.00046857576692210963,0.0001156611070250777,2.9656694108994283e-06,0.0008837694844480296,0.0,0.0,1.1862677643597713e-05,0.0,0.0,8.897008232698285e-06,0.0,0.0
46,46.0,3223.0,2489.0,0.0,0.12656835678854397,0.00338922182569075,0.04141135277085718,0.21102956029896977,0.010751240096065361,0.004309474109487577,0.0002244517765358113,0.0,0.002850537562004803,0.19929073238614683,0.34783291809754674,0.001032478172064732,0.010481897964222386,0.018427490853590106,0.018068368011132808,0.0023342984759724375,0.00026934213184297355,0.0004937939083787848,6.733553296074339e-05,0.0,0.0011222588826790565,0.0,0.0,2.244517765358113e-05,2.244517765358113e-05,0.0,0.0,0.0,0.0
47,47.0,4929.0,3496.0,0.0,0.10639004516871844,0.002656983438136569,0.04121645558409352,0.19612966079178107,0.010273669294128067,0.0049043485962270835,0.0001217784075812594,0.0,0.004937560889203791,0.21187228766274024,0.35656717739792754,0.002347002037020636,0.012842086617660084,0.01886458241076964,0.025839163935878134,0.0030998140111593306,0.00013284917190682844,0.00029891063679036403,0.0002656983438136569,2.2141528651138074e-05,0.001217784075812594,0.0,0.0,0.0,0.0,0.0,0.0,0.0,0.0
48,48.0,2649.0,2003.0,0.0,0.12515093782703196,0.0037566748061287464,0.040223253817049935,0.21061528966646095,0.012504360426114256,0.004212842461158666,0.0002415005232511337,0.0,0.002683339147234819,0.1933345855582687,0.34821692113666247,0.0013148361821450614,0.01277269434083774,0.021600880135240294,0.018193039418252073,0.002549172189873078,0.00034883408914052646,0.0006976681782810529,0.00018783374030643734,0.0,0.0013685029650897576,0.0,0.0,2.683339147234819e-05,0.0,0.0,0.0,0.0,0.0
49,49.0,20521.0,14017.0,0.0,0.09976872866107664,0.001789960816894243,0.04270235075297374,0.19196921360743616,0.007369877783249048,0.005253196608642687,0.00013768929360724946,0.0,0.005859962987250905,0.2229586395364305,0.3616934382883587,0.0021610217945815763,0.009642917986189064,0.014153992639457083,0.0292274697141897,0.0035309135801316685,0.0002193693830352788,0.0003827295618913375,0.00015869274517445702,0.0,0.0010151668257483647,0.0,0.0,2.333716840800838e-06,2.333716840800838e-06,0.0,0.0,0.0,0.0
50,50.0,3582.0,2646.0,0.0,0.11890628139326746,0.0033973223255219275,0.0410053151655738,0.20588503899614605,0.011233081882774115,0.004639354143454675,0.000255712433103801,0.0,0.0033790571517287988,0.20089864655062192,0.3508922537397943,0.0018082522055197356,0.011799302270361103,0.020511790169683464,0.02124239712140861,0.0022648815503479515,0.00014612139034502915,0.00038356864965570145,5.4795521379385927e-05,3.6530347586257287e-05,0.0012055014703464904,0.0,0.0,1.8265173793128643e-05,1.8265173793128643e-05,0.0,1.8265173793128643e-05,0.0,0.0
51,51.0,3849.0,2781.0,0.0,0.1147780925401322,0.0024866225999370475,0.042823418319169027,0.2026912181303116,0.008593012275731822,0.005508341202392194,0.00026754800125904944,0.0,0.004406672961913755,0.20945860875039346,0.35157381177211205,0.0016367642429965376,0.009332703808624488,0.01564368901479383,0.025731822474032107,0.0028013849543594587,0.0002990242367012905,0.0006767390620081838,7.869058860560277e-05,0.0,0.0011488825936418004,0.0,0.0,6.295247088448222e-05,0.0,0.0,0.0,0.0,0.0
52,52.0,3437.0,2554.0,0.0,0.11931850342446369,0.0031320163770494898,0.042244485953095226,0.20486405916869493,0.01107526273089187,0.005131978641912417,0.0002452783909737552,0.0,0.003622573158997,0.201713175223109,0.347597215146884,0.002282975792909568,0.012150714137469104,0.018226071206203658,0.02326371200543386,0.0024905190468104375,0.00016980811682798438,0.0005660270560932813,0.0002264108224373125,0.0,0.0016037433255976302,0.0,0.0,5.6602705609328126e-05,1.8867568536442707e-05,0.0,0.0,0.0,0.0
53,53.0,9654.0,7095.0,0.0,0.11559774767297847,0.0028856343926761067,0.04246096094178935,0.2023583038598552,0.010482769187553467,0.005069012627842541,0.0002298292879122563,0.0,0.004219921091944484,0.20584404805985776,0.34857442000025535,0.0022727562915767566,0.012340555931510871,0.018309733270343083,0.02425337402162949,0.0025536587545806253,0.0002617500223445141,0.0005681890728941891,0.00022344514102580474,6.384146886451564e-06,0.0014492013432245048,0.0,0.0,3.830488131870938e-05,0.0,0.0,0.0,0.0,0.0
54,54.0,7146.0,5034.0,0.0,0.10589651022864019,0.002414213213145877,0.04201328938418877,0.1961641664984939,0.008999110553026735,0.005067605444312398,0.0003064481168389503,0.0,0.005000336345494092,0.21529848794014544,0.35805098997690427,0.0021301881292463618,0.010553774170160922,0.016413660111666704,0.026190102473260535,0.002929942970752891,0.00039614024859669186,0.0007324857426882227,0.0002018072964549185,0.0,0.0011734720571637853,0.0,0.0,4.4846065878870776e-05,1.494868862629026e-05,0.0,7.47434431314513e-06,0.0,0.0
55,55.0,3165.0,2345.0,0.0,0.12133882466079902,0.002926849664457592,0.04185395020174357,0.20797357472874375,0.009763134237869254,0.004912926222482386,0.00020906069031839943,0.0,0.0031777224928396714,0.19929755608053018,0.35237179353166226,0.0015679551773879958,0.01093387410365229,0.017623816193841072,0.02216043317375034,0.002571446490916313,4.1812138063679886e-05,0.0003344971045094391,4.1812138063679886e-05,0.0,0.0008153366922417578,0.0,0.0,8.362427612735977e-05,0.0,0.0,0.0,0.0,0.0
56,56.0,11261.0,8426.0,0.0,0.12084463340399579,0.0031383602363836615,0.04181124835680195,0.2066699037174765,0.010972417958526274,0.004796361870699558,0.00014211442579850544,0.0,0.003398903350347588,0.20134061275003257,0.3480796788213977,0.001871173273013655,0.011937611767074457,0.01872357559895309,0.02162507845900591,0.0026054311396392664,0.00011250725375715014,0.0003079145892300951,0.0001184286881654212,0.0,0.001480358602067765,0.0,0.0,2.368573763308424e-05,0.0,0.0,0.0,0.0,0.0
57,57.0,19387.0,14037.0,0.0,0.10963710758541902,0.0025208957485748926,0.04273574018162107,0.19718941981511487,0.009556089201823204,0.005613000244803749,0.0002302320972686896,0.0,0.004805730739190749,0.20987841413799938,0.35256111350733826,0.0022440343657834302,0.011365888346175817,0.017421866803445905,0.02921324738001702,0.0025646107037524918,0.00029726169520767517,0.0005449797745474045,0.00018068848140074373,5.828660690346572e-06,0.0013930499049928308,0.0,0.0,3.4971964142079434e-05,2.914330345173286e-06,0.0,2.914330345173286e-06,0.0,0.0
58,58.0,5151.0,3758.0,0.0,0.11585602170332332,0.0030035849239414786,0.041444627458579596,0.20377143687627167,0.010609437070051351,0.004626489681232439,0.00015744598391628718,0.0,0.003936149597907179,0.20576978974905533,0.35223088847979844,0.002046797790911733,0.011784226334657495,0.019123631431062882,0.021000872008526305,0.0027250266447049706,0.00016955721344830927,0.00030278073830055226,0.0001211122953202209,1.2111229532022092e-05,0.0012595678713302975,0.0,0.0,4.8444918128088367e-05,0.0,0.0,0.0,0.0,0.0
59,59.0,19004.0,13441.0,0.0,0.10497630200700156,0.0020932766277507093,0.04258725672917923,0.19511439742944525,0.00836481083084002,0.005270522130109448,0.00013826133604694248,2.76522672093885e-06,0.005242869862900059,0.21733852458563077,0.35754658024411423,0.0022038856965882632,0.010510626766288568,0.015518452357908824,0.028138947112273736,0.002906253283706731,0.00024333995144261878,0.0003373576599545397,0.00021845291095416914,5.5304534418777e-06,0.001216699757213094,2.76522672093885e-06,0.0,1.935658704657195e-05,0.0,0.0,2.76522672093885e-06,0.0,0.0
60,60.0,7233.0,5049.0,0.0,0.10831021311588801,0.00302035860033662,0.04086322309921071,0.19702267958837047,0.011589569387551204,0.005418200542588594,0.00016139320765157513,0.0,0.004565122159287411,0.20479260972816773,0.35456550642882945,0.002582291322425202,0.014033523674846485,0.02114251020235634,0.02685275559688588,0.0027359991392362257,0.00011528086260826794,0.0003304718061437014,0.0003842695420275598,0.0,0.0015063366047480345,0.0,0.0,0.0,0.0,0.0,7.685390840551196e-06,0.0,0.0
61,61.0,3223.0,2312.0,0.0,0.11448387339297797,0.0028381324712427637,0.04136906999473724,0.20366889707540786,0.009360198481317195,0.004980828509134652,0.00031952484775580784,0.0,0.004022253965867228,0.2067137809187279,0.3566837079918803,0.0013344861288624916,0.009491767536275468,0.01640854071122472,0.022949402300578903,0.0030260882640402976,0.0003947071648748214,0.0006390496955116157,0.00015036463423802722,0.0,0.0010901435982256973,0.0,0.0,3.7591158559506806e-05,3.7591158559506806e-05,0.0,0.0,0.0,0.0
62,62.0,7167.0,5130.0,0.0,0.11217565197436359,0.0029422853115216286,0.041306735292671336,0.20067369318274952,0.010670906617273428,0.0051797334732079925,0.00025406920517317684,0.0,0.004155260871703247,0.20530430934155097,0.3532217614372121,0.0022620355041224776,0.012326454341305096,0.018678184470634518,0.02523480912026489,0.0029668726539577427,0.0002704607667972528,0.0006310751225269231,0.00022948186273706296,0.0,0.0014752405461668334,0.0,0.0,3.278312324815185e-05,0.0,0.0,8.195780812037963e-06,0.0,0.0
63,63.0,13811.0,9727.0,0.0,0.10724842160023332,0.0028257493950452827,0.04231530161032246,0.19528017088492855,0.0104359615035982,0.005667263082392074,0.0004019894536884503,0.0,0.005214039678723723,0.21018136818292885,0.3519299434850121,0.002731163641236236,0.011996626441447477,0.018972325784864703,0.029136353246261893,0.002368584918301555,0.0004926341344221205,0.0010207379265226336,0.0002443465306733717,7.882146150753927e-06,0.0014463738186633456,0.0,0.0,5.517502305527749e-05,1.5764292301507855e-05,0.0,1.1823219226130891e-05,0.0,0.0
64,64.0,10609.0,7478.0,0.0,0.10706795573530249,0.002666859992439581,0.04176872368741294,0.19643106814215658,0.009818187467311546,0.00537514693621803,0.00022784823236377005,5.17836891735841e-06,0.005095515014680676,0.21024177804475147,0.3552775346821258,0.0022940174303897757,0.011506335734370389,0.018186431637762738,0.028817623025099555,0.0027963192153735417,0.0003573074552977303,0.0005903340565788588,0.00016052943643811072,5.17836891735841e-06,0.0012842354915048857,5.17836891735841e-06,0.0,1.553510675207523e-05,0.0,0.0,5.17836891735841e-06,0.0,0.0
65,65.0,5693.0,4179.0,0.0,0.11468849771334887,0.0027612391060488394,0.04193631892311675,0.20371688670290794,0.00908188799723876,0.004487013547329364,0.0002157218051600656,0.0,0.004249719561653292,0.210533695745966,0.3549270860298559,0.0013482612822504098,0.009373112434204849,0.01621149365777893,0.02177711623090862,0.002782811286564846,0.0002588661661920787,0.00048537406161014754,0.0001078609025800328,0.0,0.0010354646647683149,0.0,0.0,0.0,2.1572180516006558e-05,0.0,0.0,0.0,0.0
66,66.0,16509.0,11796.0,0.0,0.11401828932441847,0.003056731923151279,0.04148474005011873,0.20206165260497028,0.010607370444539284,0.0054568865835731666,0.0002079161331976407,0.0,0.004264104556281438,0.203050166150524,0.3516263054032661,0.0017691109579097497,0.01161047459593141,0.019007911756015888,0.02664244626097487,0.0030239030600148096,0.00023709734487450254,0.0004596040839105742,0.00017873492152077885,0.0,0.0012037249816705515,0.0,0.0,2.553356021725412e-05,7.2953029192154635e-06,0.0,0.0,0.0,0.0
67,67.0,27431.0,18700.0,0.0,0.09741838898259733,0.0019373937312441997,0.04247193827436476,0.18857919943639456,0.008159408214278456,0.005547991139472026,0.00016765907289613267,0.0,0.0061762892813353116,0.22237859112185934,0.36095812926345167,0.0026622228544719248,0.010901226790226324,0.015612616091206536,0.031838288590376705,0.002961976954498344,0.00029806057403756916,0.00045217143902290323,0.0001710461248738323,1.693525988849825e-06,0.001266757439659669,0.0,0.0,3.2176993788146676e-05,3.38705197769965e-06,0.0,3.38705197769965e-06,0.0,0.0
68,68.0,7232.0,5217.0,0.0,0.1132795509195808,0.0025441324918546726,0.042232599364787564,0.20133115577477043,0.008961911874533234,0.005449367659972589,0.00020517197514957036,8.206879005982814e-06,0.0042429564460931156,0.20856141617904128,0.35502137891981056,0.0018465477763461332,0.009831841049167412,0.015929552150612643,0.025621876256678347,0.002790338862034157,0.0002297926121675188,0.0005088264983709346,0.0001148963060837594,8.206879005982814e-06,0.0012310318508974222,1.6413758011965628e-05,0.0,2.4620637017948446e-05,8.206879005982814e-06,0.0,0.0,0.0,0.0
69,69.0,28926.0,19395.0,0.0,0.0953472037427827,0.0019942323520493097,0.04247451900167707,0.18626965610708518,0.008171866007389025,0.0059811499402813275,0.00025372700212264297,1.5471158666014814e-06,0.00663093860425395,0.22213180189490753,0.3618410059966211,0.002407312288431905,0.010402807087028362,0.015571721197343912,0.03522628116664913,0.002691981607886578,0.00044866360131442964,0.0006745425178382459,0.0002088606419912,3.094231733202963e-06,0.0012021090283493511,4.6413475998044445e-06,0.0,4.4866360131442964e-05,9.282695199608889e-06,0.0,6.188463466405926e-06,0.0,0.0
70,70.0,3042.0,2262.0,0.0,0.12052809959462153,0.00389872183948785,0.04020556896971845,0.20678732029329022,0.012803756950136233,0.0040537846399220255,0.00024367011496799062,0.0,0.003256318809117693,0.19852468821301197,0.3501539552090025,0.0017499944620428416,0.013313249008705669,0.022882838978357665,0.01756640010632878,0.001949360919743925,0.00017721462906762953,0.0005316438872028886,8.860731453381477e-05,2.215182863345369e-05,0.0012626542321068604,0.0,0.0,0.0,0.0,0.0,0.0,0.0,0.0
71,71.0,5803.0,4127.0,0.0,0.11057439047420262,0.0032700201767202394,0.04140700321038455,0.19792070449553228,0.011569311506694099,0.005526234705946666,0.0003776923000467146,0.0,0.0046615181242607665,0.20400353838049518,0.35054815079862045,0.002504696305572949,0.01332856248322748,0.021359493494747094,0.027452266650763835,0.0025941497450576974,0.00044726719742374093,0.000775263142201151,0.0001987854210772182,9.93927105386091e-06,0.0014113764896482492,0.0,0.0,2.981781316158273e-05,9.93927105386091e-06,0.0,1.987854210772182e-05,0.0,0.0
72,72.0,21124.0,15214.0,0.0,0.10920824815524817,0.002402220861140498,0.04278127328311472,0.19815140354924154,0.009075940405832147,0.0050828448022144975,0.0003234778643036874,2.6514579041285852e-06,0.004913151496350268,0.21338137775055616,0.3535241852732725,0.002261693592221683,0.01073840451172077,0.016553051695474757,0.02599489329207665,0.0027071385201152855,0.0005117313754968169,0.0008325577818963757,0.0001988593428096439,0.0,0.0012567910465569494,7.954373712385755e-06,0.0,7.424082131560038e-05,2.6514579041285852e-06,0.0,1.3257289520642925e-05,0.0,0.0
73,73.0,8806.0,6463.0,0.0,0.11466895335299326,0.003318483815419795,0.04182265632080536,0.2005242646699991,0.012381569865936042,0.004914981281241504,0.00029977900013246047,0.0,0.004399082536827501,0.2024623707638787,0.34574278961788635,0.0031163072804467405,0.014981978401968781,0.022141816381876615,0.023933518778017138,0.00245400483829363,0.0004670975118342989,0.0006832172561158402,0.00024400616289851435,2.09148139627298e-05,0.0013385480936147073,0.0,0.0,6.27444418881894e-05,1.3943209308486535e-05,0.0,6.9716046542432675e-06,0.0,0.0
74,74.0,22207.0,16790.0,0.0,0.11937196008478189,0.0030129099688782747,0.04296024243415098,0.20425602727968095,0.010883845313932373,0.0050127581555852695,0.00021604199389243443,0.0,0.0038478830804084944,0.2039319642888423,0.3450307421918336,0.0021312250748848263,0.011934860419355027,0.01891535241120382,0.02333253534038292,0.0024319321744918636,0.00028027069477937444,0.0005371854983271343,0.0002102030210845308,0.0,0.001669946223060439,0.0,0.0,2.919486403951817e-05,2.919486403951817e-06,0.0,0.0,0.0,0.0
75,75.0,63489.0,43116.0,0.0,0.09246039019498968,0.0019757731930974626,0.04330932575728987,0.1830831495927158,0.008797312085909744,0.004905739715467096,0.00021563691056998227,2.0215960365935836e-06,0.007737321897389176,0.2331782993795048,0.35702396804260983,0.003403693860278064,0.012355321110314453,0.017456481775985595,0.028935104071763963,0.0026058372911691293,0.0003908419004080929,0.0006051310802870127,0.00022978808282613736,2.0215960365935836e-06,0.001274279368399489,5.3909227642495566e-06,0.0,3.841032469527809e-05,3.369326727655973e-06,0.0,5.3909227642495566e-06,0.0,0.0
76,76.0,10477.0,7125.0,0.0,0.09708063225114127,0.001759185145440632,0.04294170940020582,0.1882460044507384,0.007612873716894335,0.0055854128367740065,0.0001319388859080474,0.0,0.00646060744663072,0.2238431158687296,0.3614245881307778,0.002656369569615354,0.010423171986735744,0.014442910044067588,0.032584506856424104,0.0027707166040689952,0.00027267369754329794,0.000387020731996939,0.00020230629172567267,0.0,0.0011566642331272154,0.0,0.0,1.7591851454406318e-05,0.0,0.0,0.0,0.0,0.0
77,77.0,2288.0,1608.0,0.0,0.10857713089616901,0.0027746677700433236,0.04193642603319866,0.19709876843693716,0.010684904833763326,0.005403300394294893,0.0001460351457917539,0.0,0.005062551720780802,0.21075305456846613,0.35075208100082755,0.002799006961008616,0.013191841503188435,0.019057586525823882,0.026237647860585113,0.0033588083532103395,0.00019471352772233852,0.00038942705544467703,0.00019471352772233852,0.0,0.0013873338850216618,0.0,0.0,0.0,0.0,0.0,0.0,0.0,0.0
78,78.0,7876.0,5275.0,0.0,0.09612990964410843,0.0022012723584731698,0.04233703669555597,0.18641665130001844,0.009502351097178683,0.00592384289138853,0.0002535496957403651,0.0,0.006863129264244883,0.22051332288401254,0.3549292365849161,0.0031981836621796053,0.012959846948183662,0.018342015489581413,0.034073621611654066,0.003290383551539738,0.00047252443297068046,0.0007548865941360871,0.0003515120781855062,0.0,0.0014406232712520744,0.0,0.0,3.4574958510049785e-05,1.1524986170016596e-05,0.0,0.0,0.0,0.0
79,79.0,13310.0,9656.0,0.0,0.11448863244839927,0.003381094353664307,0.04148272012715855,0.20112917526104712,0.011884362898002123,0.005241615023819259,0.0003812918904268172,4.59387819791346e-06,0.004065582205153412,0.2005733159990996,0.3488591103495482,0.002237218682383855,0.013290089626563641,0.02089755192230833,0.026644493547898072,0.00241637993210248,0.00045938781979134604,0.0008728368576035575,0.0002342877880935865,4.59387819791346e-06,0.0013138491646032496,1.3781634593740382e-05,0.0,0.00010565919855200959,9.18775639582692e-06,0.0,9.18775639582692e-06,0.0,0.0
80,80.0,12182.0,8581.0,0.0,0.10618877808354939,0.002641335799169992,0.04180124058719947,0.195140296077373,0.010131757085593439,0.005552556830750989,0.00021236870747095416,0.0,0.004968542885205865,0.20971852297563953,0.3553061206431232,0.0025838192742299424,0.012131562414278256,0.018723841042022456,0.029705072957499714,0.002486483616639088,0.00033182610542336586,0.0006371061224128624,0.00019467131518170798,0.0,0.0015219757368751714,0.0,0.0,1.769739228924618e-05,4.424348072311545e-06,0.0,0.0,0.0,0.0
81,81.0,8650.0,6604.0,0.0,0.11817991569254686,0.0026607671380310324,0.043715806152650305,0.20400460402403658,0.008909085473407278,0.0044395946067147,0.00020927381984513736,0.0,0.004424646476725761,0.21431881371640407,0.3471329486681216,0.0014649167389159615,0.00961912164788185,0.01563574396842955,0.021301085234237196,0.0023543304732577953,0.0001868516248617298,0.00041107357469580556,6.726658495022273e-05,0.0,0.0009417321893031181,0.0,0.0,0.0,7.474064994469192e-06,0.0,1.4948129988938384e-05,0.0,0.0
82,82.0,10921.0,8000.0,0.0,0.11223831142285431,0.0026249542784603135,0.04331712459926415,0.19943197710695612,0.00963379736213611,0.005411278696989909,0.0001721281494072337,5.379004668976053e-06,0.004744282118036879,0.21003399530950792,0.34904361296985603,0.0020816748068937323,0.011113023646104525,0.017083718828667945,0.028460313703552294,0.0024958581664048882,0.0001721281494072337,0.00043032037351808423,0.00017750715407620975,0.0,0.0012855821158852766,5.379004668976053e-06,0.0,1.6137014006928157e-05,1.0758009337952106e-05,0.0,1.0758009337952106e-05,0.0,0.0
83,83.0,9028.0,6668.0,0.0,0.11329729585078341,0.0028165433453309604,0.04176646105677242,0.2015199967887392,0.010510189062980853,0.004188019321085941,0.00018732354790799738,0.0,0.004448934262814938,0.21013687999250705,0.35170665132397605,0.0021742911810749698,0.012550677709835823,0.01925418467425773,0.02064573103014571,0.0027028111912439623,0.00027429519515099614,0.00047499899648099334,0.00028767544857299595,1.3380253421999813e-05,0.0010168992600719858,0.0,0.0,2.007038013299972e-05,6.6901267109999065e-06,0.0,0.0,0.0,0.0
84,84.0,18520.0,13763.0,0.0,0.11244148160440129,0.0024891260295567762,0.04354374958115668,0.19867693377967405,0.009461870099533129,0.005507989137198712,0.00022657429243401424,0.0,0.004748486579462158,0.2102768993148521,0.34763517071256017,0.002428493472426547,0.011418067863787365,0.017513235448984085,0.028841950070684796,0.0024061551619048833,0.00026486853904258,0.0005680313246937258,0.00020104479469497036,0.0,0.0013211515079955196,0.0,0.0,1.5955936086902412e-05,9.573561652141446e-06,0.0,3.1911872173804823e-06,0.0,0.0
85,85.0,16630.0,12002.0,0.0,0.11146138574758363,0.0031489454735231163,0.04163448959225917,0.19891602929612429,0.011351013974547493,0.005183594452496059,0.0003067841614742566,7.052509459178312e-06,0.004439554704552748,0.206359953030287,0.3502064622144174,0.0023414331404471994,0.012927249838673846,0.020339437280270253,0.02591091975302112,0.002581218462059262,0.00038436176552521803,0.0007264084742953661,0.00019747026485699275,0.0,0.0014775007316978565,1.0578764188767468e-05,0.0,7.405134932137228e-05,7.052509459178312e-06,0.0,7.052509459178312e-06,0.0,0.0
86,86.0,13889.0,10366.0,0.0,0.11746818283819617,0.0030500510631671987,0.04221985097798559,0.2038771369820981,0.011160622283691387,0.004694147657276845,0.00022898281255008998,0.0,0.003819433313335501,0.20434884157595132,0.3466021240445692,0.0021890756879788605,0.012882573034068062,0.019724579473064753,0.02267387809870991,0.0025417092193059988,0.000297677656315117,0.0005449790938692142,0.00018318625004007198,0.0,0.0014563306878185723,0.0,0.0,3.66372500080144e-05,0.0,0.0,0.0,0.0,0.0
87,87.0,19414.0,14150.0,0.0,0.11250966511716741,0.0029511337837046896,0.04158387781443591,0.19998706183518627,0.01065550287874167,0.004999676545879656,0.0001940724722060495,0.0,0.00445134479901177,0.2056305661063209,0.3528299155014617,0.0022148905954944382,0.012285095542186118,0.019505823714423897,0.02554671447626617,0.002430526675723382,0.00024336071911552242,0.000495962984526571,0.00017866989504683925,3.080515431842056e-06,0.0012784139042144533,0.0,0.0,2.156360802289439e-05,3.080515431842056e-06,0.0,0.0,0.0,0.0
88,88.0,5537.0,4029.0,0.0,0.11463003240268099,0.0032624617160104752,0.041413289537928895,0.2018620444760087,0.011762617071330285,0.004804918105552843,0.00024412978827289273,0.0,0.004161303209197035,0.20309379022593102,0.3487837897820587,0.0025633627768653737,0.0134271383550091,0.021505614985130275,0.023192329885924807,0.0028407829908118423,0.00028851702250432774,0.0005881308535665143,0.00024412978827289273,0.0,0.0013205202183851925,0.0,0.0,0.0,1.1096808557858759e-05,0.0,0.0,0.0,0.0
89,89.0,7154.0,5142.0,0.0,0.10948536433300976,0.0022965646234344296,0.04254563534341928,0.1993354957343877,0.008349709180734112,0.004758860714539385,0.00019729936627443551,0.0,0.004979836004766753,0.21606648199445982,0.3566225505283677,0.0017914782457718746,0.009565073276984633,0.015144699355225671,0.023904791217810608,0.002983166418069465,0.0002762191127842097,0.0004419505804547356,0.00014205554371759358,7.891974650977421e-06,0.0010733085525329292,0.0,0.0,3.1567898603909684e-05,0.0,0.0,0.0,0.0,0.0
90,90.0,6038.0,4372.0,0.0,0.10681312695746902,0.0022422949480277793,0.04272161953610821,0.1962325813626254,0.008379102174209068,0.004675230357223912,0.00030865598474876313,0.0,0.005428714084698833,0.21931823339839318,0.3562616313376606,0.0024147791747991467,0.010203803731106168,0.015006127729108983,0.0246289319595116,0.0028868412691207845,0.00043574962552766556,0.0007444056102764286,0.00020879669556533975,0.0,0.001062139712223685,0.0,0.0,1.8156234396986064e-05,0.0,0.0,9.078117198493032e-06,0.0,0.0
91,91.0,4166.0,3026.0,0.0,0.10632240979808011,0.0027143330023171137,0.04231711353856339,0.19527308838133067,0.010340946706388613,0.00414432307183052,0.00019860973187686197,0.0,0.005799404170804369,0.2207348560079444,0.3516583912611718,0.002423038728897716,0.012380006620324397,0.019357828533598145,0.021383647798742137,0.002502482621648461,0.00038397881496193316,0.0005693478980470043,0.00021185038066865277,0.0,0.0012711022840119165,0.0,0.0,1.3240648791790798e-05,0.0,0.0,0.0,0.0,0.0
92,92.0,7353.0,5192.0,0.0,0.10666931263597343,0.0023887222908214266,0.0422473099312048,0.1965881695772329,0.00900364555771153,0.005277238784030106,0.00021314752748868114,0.0,0.005078791086023402,0.21293437996119244,0.3566913623801964,0.002080025871699888,0.01084847415769977,0.01675045569471394,0.02842947021814547,0.0026974187099429647,0.0003013465043805492,0.0004997942023872523,0.0001396483800787911,7.349914740989004e-06,0.0011245369553713176,0.0,0.0,2.2049744222967014e-05,0.0,0.0,7.349914740989004e-06,0.0,0.0
93,93.0,2837.0,1969.0,0.0,0.10334341035053624,0.0022673288706542864,0.042287482905060104,0.19322680486575974,0.00941121428057295,0.0055423594615993665,0.00012596271503634925,0.0,0.00545238609371626,0.2141366155617937,0.35631253149067876,0.0028971424458360327,0.012578276830058303,0.017112934571366874,0.029961131505074498,0.003149067875908731,0.00023393075649607716,0.0003059094508025624,0.0003059094508025624,0.0,0.0013316058446699777,0.0,0.0,0.0,1.799467357662132e-05,0.0,0.0,0.0,0.0
94,94.0,7534.0,5320.0,0.0,0.10574769491645176,0.002303317200692408,0.042689087504857455,0.19553467340233865,0.008704560709365174,0.005178931006464832,0.00018370014484049883,0.0,0.005327304200374466,0.21687921715476738,0.3568728583035998,0.002211467128272159,0.010308404281626453,0.01622213586745328,0.027343060020489633,0.0024799519553467342,0.0002472886565160561,0.00043805419154272797,0.00010598085279259548,0.0,0.0012152471120217615,0.0,0.0,0.0,7.065390186173032e-06,0.0,0.0,0.0,0.0
95,95.0,2742.0,1996.0,0.0,0.1122145419546767,0.003521742934639951,0.04140782220666725,0.199295651413072,0.01275264677574591,0.004440458482806895,0.0005906028523930352,0.0,0.004352961763933853,0.2061203954851693,0.34506518505556044,0.003106133519993,0.015224429083909353,0.022639776008399684,0.022158544054597953,0.003062385160556479,0.0005249803132382536,0.0012687024236591128,0.0005687286726747747,0.0,0.0014874442208417185,0.0,0.0,0.0001312450783095634,4.374835943652113e-05,0.0,2.1874179718260565e-05,0.0,0.0
96,96.0,1506.0,1143.0,0.0,0.12477261066281077,0.003964737161248192,0.0416997061430104,0.20770558328280236,0.013853258081067214,0.0048976164933065905,4.664396660291991e-05,0.0,0.0036382293950277533,0.19389896916833807,0.33924156910303654,0.002005690563925556,0.014366341713699333,0.023788422967489155,0.02168944447035776,0.002145622463734316,0.0,0.00013993189980875974,0.00023321983301459955,0.0,0.0019124026307197164,0.0,0.0,0.0,0.0,0.0,0.0,0.0,0.0
97,97.0,8684.0,6506.0,0.0,0.1085024229702765,0.002112000829251859,0.04422244681126746,0.19634481328876105,0.00775480059084195,0.004852419083158413,0.00015548472362590375,6.4785301510793235e-06,0.005558578869626059,0.2222978050739848,0.35138251833424033,0.0018204669724532897,0.00938091165876286,0.014291637513280987,0.02701547073000078,0.0027080256031511572,0.00018787737438130038,0.00035631915830936276,0.00010365648241726918,0.0,0.0009134727513021846,6.4785301510793235e-06,0.0,2.5914120604317294e-05,0.0,0.0,0.0,0.0,0.0
98,98.0,5744.0,4295.0,0.0,0.11113604373635788,0.002468329899430856,0.04347116541890211,0.1980069766018645,0.008853348564900757,0.005059056322800432,0.0002345933375492136,1.0199710328226679e-05,0.004906060667877033,0.2170804349156484,0.3502376532506477,0.001866546990065482,0.009985516411333918,0.01507517186511903,0.026519246853389362,0.0028049203402623363,0.000285591889190347,0.00047938638542665386,0.0001325962342669468,1.0199710328226679e-05,0.0013259623426694683,1.0199710328226679e-05,0.0,2.0399420656453358e-05,1.0199710328226679e-05,0.0,1.0199710328226679e-05,0.0,0.0
99,99.0,9142.0,7304.0,0.0,0.12424781761166201,0.0025348835417485305,0.04389432078219264,0.20859240767707588,0.008837420736734238,0.00354421407052986,8.475294516484448e-05,0.0,0.003482575564955428,0.21238317576990345,0.3453143178543636,0.0013406374962439036,0.00973888388076031,0.015609951536724993,0.01725878156084106,0.0018799744200201866,9.245775836164852e-05,0.00020802995631370917,0.00011557219795206065,0.0,0.0008321198252548367,0.0,0.0,7.704813196804043e-06,0.0,0.0,0.0,0.0,0.0
100,100.0,4062.0,3110.0,0.0,0.1257937603533959,0.0022950027609055772,0.042190088348978465,0.21402194919933737,0.007316399779127554,0.004072335726118167,5.176697956929873e-05,0.0,0.002381281060187742,0.2038065985643291,0.3552422694643843,0.0005866924351187189,0.007402678078409718,0.013114301490889012,0.01784235229155163,0.003106018774157924,1.725565985643291e-05,0.00010353395913859746,3.451131971286582e-05,0.0,0.0006212037548315848,0.0,0.0,0.0,0.0,0.0,0.0,0.0,0.0
101,101.0,3326.0,2874.0,0.0,0.12927285427792423,0.001577322607539602,0.04909979945469704,0.2093107100205052,0.005565695486604024,0.002771581153248158,9.01327204308344e-05,0.0,0.004461569661326303,0.2328804164131684,0.3306068185403006,0.0010815926451700128,0.006534622231235495,0.010004731967822618,0.014060704387210167,0.0018702539489398138,9.01327204308344e-05,0.00029293134140021183,2.25331801077086e-05,0.0,0.00040559724193875484,0.0,0.0,0.0,0.0,0.0,0.0,0.0,0.0
102,102.0,17752.0,14035.0,0.0,0.11647555609267145,0.002249962678344198,0.04622553654323269,0.2013734369335106,0.008036596549346338,0.0041089365816206844,0.0002061577177629755,7.1088868194129484e-06,0.0054418528602606115,0.2255934143272505,0.33886997135118613,0.0015639551002708486,0.009362403941166853,0.014470139120915056,0.021802955875139512,0.002473892613155706,0.0002736921425473985,0.0004265332091647769,0.0001635043968464978,3.5544434097064742e-06,0.0008068586540033696,2.8435547277651794e-05,0.0,1.777221704853237e-05,7.1088868194129484e-06,0.0,1.0663330229119423e-05,0.0,0.0
103,103.0,120034.0,86243.0,1.0,0.10188628236892282,0.0018076138070462517,0.04372905774876939,0.1915398972187263,0.0068207406263092185,0.005395135310766006,0.0001297149712905926,8.395791022044828e-07,0.006173425138509562,0.22594668840616822,0.35856870233814386,0.0017316318982967458,0.008301338373046824,0.012633566540421956,0.03146784454017512,0.0024125305501845815,0.00014314823692586432,0.0003030880558958183,6.254864311423397e-05,3.778105959920173e-06,0.0009277349079359536,2.5187373066134485e-06,0.0,6.296843266533621e-06,3.778105959920173e-06,0.0,2.0989477555112073e-06,0.0,0.0
104,104.0,39811.0,28856.0,1.0,0.1052210295066808,0.0020311650201312505,0.04318230106943511,0.19431300520218778,0.007505956525050812,0.005287710516223262,0.00010556712933576896,1.3362927764021387e-06,0.005711315326342741,0.22050968879077532,0.3584458380493333,0.0016262683088814026,0.008747372514328399,0.013564707973258108,0.030033180149638065,0.002277042890989244,0.00012026634987619247,0.00024454157808159136,9.754937267735612e-05,6.681463882010693e-06,0.0009514404567983227,4.0088783292064155e-06,0.0,8.017756658412831e-06,2.6725855528042774e-06,0.0,1.3362927764021387e-06,0.0,0.0
105,105.0,101309.0,67908.0,1.0,0.09256372038621484,0.0018632217840494996,0.04329459778630511,0.18381933692898045,0.007231592945860732,0.00565868905990965,0.0005580462191113679,1.0458137539568363e-05,0.006968466205365192,0.22849106226649593,0.3627358989794113,0.0021501930781352555,0.009296865947174692,0.014359441167328946,0.035006732948947974,0.002505351428978997,0.0007684639464074834,0.001510991711716837,0.00013888406652546787,2.9282785110791417e-06,0.0009106946169456131,3.8904271647194314e-05,8.366510031654691e-07,3.51393421329497e-05,3.7649295142446107e-06,0.0,7.571691578647495e-05,0.0,0.0
106,106.0,120990.0,82375.0,1.0,0.09537171207947698,0.0015356333544004962,0.04315055719438676,0.1869909282922129,0.006084438372628279,0.005931985133589001,8.732758352735351e-05,7.40064267180962e-07,0.0067009119071900205,0.22745875251806866,0.3655584450953721,0.0017280500638675463,0.007692227993078919,0.011794774258196581,0.03624686767798916,0.0024103893182083934,0.00010064874033661083,0.0002086981233450313,7.40064267180962e-05,4.810417736676253e-06,0.0008558843249947825,2.220192801542886e-06,3.70032133590481e-07,4.810417736676253e-06,3.70032133590481e-06,0.0,1.110096400771443e-06,0.0,0.0
107,107.0,27919.0,19772.0,1.0,0.10044129432458031,0.0013998605343408166,0.04425432707819444,0.19119805164392545,0.00558903425234958,0.005543933417290273,5.5508720072993966e-05,0.0,0.006354013800855528,0.22797604798728852,0.36196369035848225,0.0015316937445141773,0.007072157866799888,0.01047553626627533,0.032842081160687334,0.0023331008905680276,6.938590009124245e-05,0.00014224109518704703,9.88749076300205e-05,1.7346475022810614e-06,0.0006522274608576791,0.0,0.0,3.469295004562123e-06,1.7346475022810614e-06,0.0,0.0,0.0,0.0
108,108.0,56370.0,36918.0,1.0,0.09194896319958638,0.0015562161862732425,0.0431412375131562,0.18331886921358273,0.006488542570674151,0.006697564488431782,0.00010414166220433185,1.4771866979337852e-06,0.007193899218937533,0.22486696087301733,0.3656369444393153,0.002054766696825895,0.00857580737485459,0.012544269438853704,0.04189818490684492,0.0023553741898554204,0.00016618350351755082,0.0002762339125136178,0.00010488025555329874,1.4771866979337852e-06,0.001051018335579888,4.431560093801355e-06,0.0,8.124526838635818e-06,4.431560093801355e-06,0.0,0.0,0.0,0.0
109,109.0,55824.0,37603.0,1.0,0.09248017332238549,0.001156133630717847,0.044541569351866525,0.184674130326835,0.004615519835692302,0.006122475042462933,7.587361709064494e-05,0.0,0.007591869052654037,0.2353434332886856,0.365200002103427,0.0012981149537884598,0.005822736693758305,0.008998160252591534,0.038751135287166616,0.0023625992648522607,9.390299144881799e-05,0.00018555231110286435,4.2819764100661004e-05,7.512239315905438e-07,0.0006355354461256001,0.0,0.0,3.7561196579527193e-06,2.253671794771632e-06,0.0,1.5024478631810877e-06,0.0,0.0
110,110.0,904.0,651.0,1.0,0.10628531073446328,0.0024717514124293787,0.04396186440677966,0.1925612052730697,0.009063088512241054,0.006709039548022599,0.00035310734463276836,0.0,0.005708568738229755,0.2114524482109228,0.3505767419962335,0.0018243879472693032,0.010416666666666666,0.014183145009416196,0.0397834274952919,0.0021774952919020717,0.00041195856873822977,0.0007062146892655367,0.00011770244821092278,0.0,0.0011770244821092278,0.0,0.0,0.0,0.0,0.0,5.885122410546139e-05,0.0,0.0
111,111.0,8664.0,6634.0,1.0,0.11404667547335975,0.0021527471989823375,0.04502596576572798,0.1997022499004005,0.0073598792224948105,0.005339931363709435,0.00013978877915469726,6.989438957734863e-06,0.005311973607878496,0.21906299581332606,0.3468998343502967,0.001223151817603601,0.007995918167648683,0.012532064051218608,0.02926478091603587,0.002551145219573225,0.00012580990123922753,0.0002935564362248642,2.7957755830939452e-05,6.989438957734863e-06,0.0008876587476323275,2.7957755830939452e-05,0.0,1.3978877915469726e-05,0.0,0.0,0.0,0.0,0.0
112,112.0,28547.0,20072.0,1.0,0.10114181509226736,0.0019634660615668355,0.04366423866905667,0.19062544251378916,0.007467042436424799,0.006076901557303161,0.00013124311405371988,0.0,0.006337660902330947,0.2208424426415785,0.35641312569291184,0.001776962688964181,0.009107581362096297,0.014481641505980197,0.036366430774437984,0.0022276791727539294,0.0001726883079654209,0.0002935701235412155,8.634415398271045e-05,1.726883079654209e-06,0.0008081812812781697,0.0,0.0,8.634415398271045e-06,1.726883079654209e-06,0.0,3.453766159308418e-06,0.0,0.0
113,113.0,19787.0,14197.0,1.0,0.1029215557956788,0.0013443519462665063,0.04486838033492119,0.19326707961100034,0.005093318317175745,0.005625986069470021,6.848585386640693e-05,2.5365131061632195e-06,0.006219530136312214,0.2287173867827375,0.35924127819968443,0.0012200628040645086,0.006125679151384175,0.009182177444310855,0.03254599966518027,0.002564414750331015,7.609539318489658e-05,0.00016487335190060927,6.341282765408049e-05,0.0,0.0006721759731332531,2.5365131061632195e-06,0.0,1.0146052424652878e-05,2.5365131061632195e-06,0.0,0.0,0.0,0.0
114,114.0,14546.0,10219.0,1.0,0.11003975137885165,0.0025593353507222926,0.04128386840815564,0.1999704392877424,0.00895378416012571,0.005309259504157947,0.00023337404413881088,0.0,0.004414659001625839,0.20837190487673962,0.3605979043010836,0.0016141704719601086,0.009840605527853192,0.015951115916887724,0.026169009482765328,0.0026721328053893848,0.00032283409439202174,0.000536760301519265,0.00012057658947171896,1.1668702206940545e-05,0.0009840605527853192,0.0,0.0,2.333740441388109e-05,1.1668702206940545e-05,0.0,7.77913480462703e-06,0.0,0.0
115,115.0,21005.0,15647.0,1.0,0.11014073750818242,0.0020319659611608117,0.04352225616408466,0.19993454069386865,0.007235980798603535,0.003916648483526074,0.00012819114117390356,0.0,0.004977634737071787,0.2241653938468252,0.35726598298058043,0.0014264673794457778,0.008332424176303732,0.013241872136155356,0.02005509491599389,0.002421994326860135,0.00013091861226271,0.0002891119354134846,6.818677722016147e-05,8.182413266419376e-06,0.000695505127645647,0.0,0.0,2.7274710888064587e-06,8.182413266419376e-06,0.0,0.0,0.0,0.0
116,116.0,7932.0,5765.0,1.0,0.10321189995339444,0.0017477085598881466,0.04394516078918751,0.19261042928900626,0.0069131583035575575,0.0051978147170006735,9.062192532753353e-05,0.0,0.006019885039614727,0.22513722748692455,0.35805369996375125,0.0018577494692144374,0.008777380767438248,0.01246051473253586,0.030313034022059968,0.002375589042514629,0.0001488788773238051,0.000245973797317591,7.767593599502873e-05,1.294598933250479e-05,0.0007961783439490446,0.0,0.0,0.0,6.472994666252395e-06,0.0,0.0,0.0,0.0
117,117.0,110155.0,75342.0,1.0,0.09627003711668787,0.0015932124838910322,0.04467580829413654,0.18589159325313745,0.00654074908224619,0.006747269098019766,0.00012846520666230318,4.0653546412121263e-07,0.0071883600765912815,0.22581256275891226,0.3571775868867921,0.0020501583455632753,0.00843479780958692,0.012433074099219045,0.04116334188412926,0.0021505726052012146,0.00018741284895987901,0.0003484008927518792,8.69985893219395e-05,2.032677320606063e-06,0.0011021176432326075,8.130709282424253e-07,0.0,9.35031567478789e-06,4.065354641212126e-06,0.0,8.130709282424253e-07,0.0,0.0
118,118.0,153120.0,106306.0,1.0,0.0959601420375655,0.001415353528191857,0.044080684899941505,0.187203029819617,0.005555358609402603,0.005643098120542862,0.00012023562637739215,8.862576882854459e-07,0.0069825289067716,0.23272447430148124,0.36319549072088203,0.0016094439619263696,0.0069713029760533176,0.010496540640823393,0.03421161470242421,0.0024177109736426964,0.00015450425699109607,0.0003149168985707618,7.917235348683317e-05,3.840449982570266e-06,0.0008389906115768888,2.0679346059993737e-06,0.0,1.4180123012567134e-05,3.2496115237133014e-06,0.0,1.181676917713928e-06,0.0,0.0
119,119.0,181222.0,127641.0,1.0,0.10093352516103718,0.001849611439906702,0.04322853655080709,0.19132715342946516,0.0071965362020294495,0.005328668432353486,0.00015122780629761633,2.1798602709566316e-06,0.006089167184383481,0.22431634132252123,0.3602259970135914,0.0020310848074638417,0.009082115336406937,0.01346118213822494,0.030567090649489367,0.0024814984359502554,0.00020926658601183663,0.00039591712171249823,9.97286073962659e-05,2.1798602709566316e-06,0.0009937438010223544,6.539580812869895e-06,0.0,1.607646949830516e-05,2.9973078725653685e-06,2.7248253386957894e-07,1.3624126693478948e-06,0.0,0.0
120,120.0,140625.0,108503.0,1.0,0.11306610705900474,0.001891313912156234,0.0446690477223815,0.19966700961357628,0.007017221381165492,0.004833594160201309,0.0001106280353567201,4.254924436796927e-07,0.004865931585920966,0.21939198831767948,0.351353363815612,0.001541133631007847,0.008299230113972406,0.012513307276176082,0.027239600751930246,0.0021563957045686827,0.00010850057313832164,0.0002378502760169482,0.00010850057313832164,2.552954662078156e-06,0.0009062989050377454,8.509848873593854e-07,0.0,1.2339280866711089e-05,5.105909324156312e-06,0.0,1.7019697747187708e-06,0.0,0.0
121,121.0,28082.0,18520.0,1.0,0.09399285294951369,0.001637284864331509,0.042323116696433134,0.1866194946877309,0.006364809373262224,0.0059713653282856835,0.0001208213996384652,1.5489923030572461e-06,0.006604903180236097,0.2254047129639813,0.3684495051744088,0.001655872771968196,0.007954075476198958,0.012748206654161135,0.03621389105317536,0.0025759741999842,0.00018897706097298402,0.00029430853758087675,0.00010223349200177825,1.5489923030572461e-06,0.0007559082438919361,4.646976909171738e-06,0.0,1.0842946121400723e-05,3.0979846061144923e-06,0.0,0.0,0.0,0.0
122,122.0,47890.0,33083.0,1.0,0.09924251011547162,0.0015760915099035518,0.04405565111110016,0.18965141665886343,0.00611610245087651,0.006261982090317239,9.95529971859029e-05,0.0,0.006519242805817444,0.22469702868801963,0.36062728244959513,0.0016125614197637342,0.007473374501618968,0.011267230800317387,0.03678433962357139,0.002686945250779914,0.00012419482817251253,0.00024148994366877437,6.60401070441138e-05,2.9570197183931554e-06,0.0008861202422784822,0.0,0.0,4.928366197321926e-06,9.856732394643851e-07,0.0,1.9713464789287703e-06,0.0,0.0
123,123.0,41831.0,29821.0,1.0,0.10035665637005686,0.0015350810122830008,0.04349278570739591,0.1915192949684632,0.005894475825708902,0.0049322564632204,8.704673939382533e-05,0.0,0.006384995965265998,0.23026803337889565,0.3629837269649625,0.0015891911475818651,0.007290752577877424,0.01133607334511209,0.028699545239602033,0.0025619972756723186,9.528089041756556e-05,0.00020350116101529433,5.528644258797014e-05,3.528921867317243e-06,0.0007034317588852371,0.0,0.0,7.057843734634486e-06,0.0,0.0,0.0,0.0,0.0
124,124.0,55067.0,37752.0,1.0,0.09756239293781171,0.0016068802773131748,0.04339840019403837,0.18862989033126326,0.006133600136096359,0.006024958859485562,0.00013053796802072438,8.421804388433831e-07,0.006580797949122195,0.2253750650584389,0.3640392321335631,0.0015900366685363072,0.007468456131663121,0.011563979605758492,0.0359872123322166,0.0025054868055590647,0.0001490659376752788,0.0003015005971059311,9.600857002814566e-05,5.0530826330602985e-06,0.0008303899126995757,8.421804388433831e-07,0.0,1.2632706582650745e-05,5.0530826330602985e-06,0.0,1.6843608776867662e-06,0.0,0.0
125,125.0,44074.0,30718.0,1.0,0.09861504441944369,0.0016422909311918895,0.043326738306759253,0.18943028453444716,0.006175832891509658,0.005863323462345847,9.806330363416138e-05,0.0,0.006368726642614217,0.22477617859159543,0.3640551654575785,0.0014321552805472578,0.007378455384429702,0.01169970645666033,0.035695042522834744,0.0022392917027668937,0.00010668425340419754,0.00023276564379097646,7.651092920907096e-05,0.0,0.0007758854793032549,0.0,0.0,4.310474885018082e-06,6.465712327527124e-06,0.0,1.0776187212545206e-06,0.0,0.0
126,126.0,82519.0,57732.0,1.0,0.10320694273116802,0.002125325867763716,0.0424356731596822,0.19363955840451413,0.007839469538549497,0.00544070993341267,0.00014603847336972902,1.8643209366348385e-06,0.005731543999527706,0.2179484390972958,0.36056526210798767,0.0019544297819055222,0.00930544723505669,0.014985411688670833,0.030667457967330884,0.0025193190257058787,0.00016406024242386578,0.00033122768640878964,0.00011310213682251354,6.214403122116129e-07,0.000858830511476449,2.4857612488464515e-06,0.0,9.321604683174193e-06,3.728641873269677e-06,6.214403122116129e-07,3.1072015610580642e-06,0.0,0.0
127,127.0,69856.0,47206.0,1.0,0.09328637739064015,0.0012620327663366532,0.044314976938217926,0.18406766258311544,0.004890223958792366,0.006911190105467258,6.793677840124564e-05,1.224086097319741e-06,0.007466313150601761,0.22830858231244552,0.36541785403018107,0.0013073239519374835,0.005966807681385078,0.009344061223890244,0.04449063329318331,0.0018832564607264217,5.447183133072848e-05,0.00015301076216496764,3.978279816289159e-05,0.0,0.0007589333803382395,1.8361291459796116e-06,0.0,3.6722582919592233e-06,1.224086097319741e-06,0.0,6.120430486598705e-07,0.0,0.0
128,128.0,45585.0,31703.0,1.0,0.10044903662100738,0.001755257563126244,0.04416533106784701,0.19027013170257864,0.00658353998480966,0.00622761569922703,0.00013241230862449035,0.0,0.006553879627677774,0.22353210362905063,0.3581933029032193,0.0016207266575637618,0.007855757446073763,0.01161097051866431,0.03681697758842229,0.002771124794893334,0.00011440423465155966,0.0002891884820358869,9.109966833364936e-05,2.1185969379918457e-06,0.0009523093236273346,0.0,0.0,7.415089282971459e-06,1.0592984689959228e-06,0.0,4.237193875983691e-06,0.0,0.0
129,129.0,94321.0,64863.0,1.0,0.09941940416260592,0.001113806065846456,0.04600263307662058,0.1901418392943941,0.004527035443946977,0.006900712493924139,5.2270723265601225e-05,9.77022864777593e-07,0.007013070123373562,0.22768980501066177,0.3569064525032547,0.0012452156411590421,0.005559748612016893,0.008094634434682358,0.04180729689526559,0.0024782184965083647,5.862137188665558e-05,0.00012847850671825347,5.031667753604604e-05,0.0,0.000801647260550015,9.77022864777593e-07,0.0,4.8851143238879645e-06,1.4655342971663894e-06,0.0,4.885114323887965e-07,0.0,0.0
130,130.0,12924.0,9317.0,1.0,0.10724946152672014,0.0025397283041907635,0.04301426318199549,0.19583467598324372,0.00908620660414158,0.005253294438885402,0.00022047724844393942,0.0,0.005393212692705595,0.21650017807777758,0.3523141631192443,0.0017892576700642775,0.010434509777317979,0.017282024320336483,0.028645082509370284,0.0026033275104726692,0.00029679629598222614,0.00044943439105879957,9.327883588012821e-05,0.0,0.0009836677238268066,0.0,0.0,8.479894170920747e-06,4.239947085460374e-06,0.0,4.239947085460374e-06,0.0,0.0
131,131.0,647.0,509.0,1.0,0.1306502296350012,0.005680444766739183,0.03988397389412618,0.21090161953106115,0.016678752719361856,0.003746676335508823,0.0008460236886632825,0.0,0.0029006526468455403,0.1896301667875272,0.3304326806864878,0.0014503263234227702,0.015349286922890984,0.028885665941503505,0.015349286922890984,0.0031423737007493352,0.0010877447425670776,0.001692047377326565,0.0,0.0,0.001692047377326565,0.0,0.0,0.0,0.0,0.0,0.0,0.0,0.0
132,132.0,127207.0,89235.0,1.0,0.10674862446600956,0.0025128464200182207,0.0416957485800769,0.19654906370682895,0.009856919099788834,0.005345717190634321,0.0001344355924572332,0.0,0.004746252819236972,0.2093356641139405,0.35685336162962994,0.0023834838687857886,0.012335099738104247,0.018891160014289067,0.028235279196937572,0.002496781789473017,0.00018474325126984563,0.00033989376206168396,0.0002096857039584518,5.495794660201357e-06,0.0011245241381642778,0.0,0.0,1.141434275580282e-05,3.80478091860094e-06,0.0,0.0,0.0,0.0
133,133.0,38945.0,29922.0,1.0,0.11047465612073817,0.0018776001262652583,0.04489712657198758,0.19714950223495464,0.006925232503774557,0.004715590483649543,0.00011762919109829929,1.4889771025101176e-06,0.005610465722258123,0.22560087670971796,0.3505081878850867,0.001695944919759024,0.008320404048826537,0.012191744515352843,0.026293846653226167,0.0022334656537651766,0.00013102998502089036,0.00026950485555433127,8.636067194558683e-05,5.95590841004047e-06,0.0008695626278659087,8.933862615060705e-06,0.0,8.933862615060705e-06,5.95590841004047e-06,0.0,0.0,0.0,0.0
134,134.0,12931.0,9747.0,1.0,0.1113869150720803,0.002650445756786369,0.04355732555020617,0.19705586848697282,0.009528875310847734,0.005282706637025318,0.00019548742288475789,0.0,0.005355446143214995,0.2149452407904966,0.3476311925187418,0.001759386805962821,0.010733623382114265,0.01625727963339289,0.02926401258393457,0.0023503952937539495,0.00020912608029532238,0.0004455294754117738,0.0001454790123793547,0.0,0.001209294290403386,0.0,0.0,2.7277314821129008e-05,4.546219136854835e-06,0.0,4.546219136854835e-06,0.0,0.0
135,135.0,53895.0,35974.0,1.0,0.09202335322762588,0.001196907074517717,0.043978404608749876,0.1833581173819998,0.004673895046646107,0.007027477025109517,4.8742822039183036e-05,7.736955879235403e-07,0.007449141120527846,0.22774503326117332,0.36797890596349087,0.0011760172936437813,0.005724573655046274,0.008902141434648255,0.04570374576981937,0.0020912991741573296,5.493238674257136e-05,0.00011992281612814875,5.8027169094265525e-05,7.736955879235403e-07,0.0006793047261968684,7.736955879235403e-07,0.0,6.189564703388323e-06,1.5473911758470807e-06,0.0,0.0,0.0,0.0
